SKU,PHOTO,COLECCIÓN,CATEGORÍA,PROPIETARIO,EAN,NOMBRE COMERCIAL,PRODUCTO,COSTE,PVP,FECHA ESTIMADA DE LLEGADA,CANTIDAD PRIMERA LLEGADA,CANTIDAD TOTAL
FL-171,,BLOSSOM,FLOTADORES / HINCHABLES,PATRICIA,8435797602694,PRIM,DONUT,"2,33 €","15,00 €",10/3/2026,250,500
FL-172,,BLOSSOM,FLOTADORES / HINCHABLES,PATRICIA,8435797602700,WAVY,WAVY DONUT,"2,33 €","15,00 €",10/3/2026,250,500
FL-173,,BLOSSOM,FLOTADORES / HINCHABLES,PATRICIA,8435797602717,PINKY,BALL,"1,49 €","9,00 €",10/3/2026,250,500
FL-174,,BLOSSOM,FLOTADORES / HINCHABLES,PATRICIA,8435797602724,LEONOR,BABY SEAT,"4,39 €","25,00 €",31/3/2026,250,500
FL-175,,BLOSSOM,FLOTADORES / HINCHABLES,PATRICIA,8435797602731,PETUNIA,MINNI POOL,"9,93 €","49,00 €",10/3/2026,250,500
FL-177,,BLOSSOM,FLOTADORES / HINCHABLES,PATRICIA,8435797602755,DALIA,SPRINKLE MAT,"3,23 €","19,00 €",10/3/2026,250,500
FL-178,,OCEAN HUGS,FLOTADORES / HINCHABLES,PATRICIA,8435797602762,BRUNO,DONUT,"2,33 €","15,00 €",10/3/2026,250,500
FL-179,,OCEAN HUGS,FLOTADORES / HINCHABLES,PATRICIA,8435797602779,SKIPPER,BALL,"1,49 €","9,00 €",10/3/2026,250,500
FL-180,,OCEAN HUGS,FLOTADORES / HINCHABLES,PATRICIA,8435797602786,CAVE,BABY SEAT,"4,39 €","25,00 €",31/3/2026,250,500
FL-181,,OCEAN HUGS,FLOTADORES / HINCHABLES,PATRICIA,8435797602793,RAYLEE,BABY SEAT,"4,39 €","29,00 €",31/3/2026,250,500
FL-182,,OCEAN HUGS,FLOTADORES / HINCHABLES,PATRICIA,8435797602809,LAGUNA,MINNI POOL,"9,93 €","49,00 €",30/3/2026,250,500
FL-183,,OCEAN HUGS,FLOTADORES / HINCHABLES,PATRICIA,8435797602816,NESS,DOUBLE POOL,"21,88 €","89,00 €",30/3/2026,250,500
FL-184,,OCEAN HUGS,FLOTADORES / HINCHABLES,PATRICIA,8435797602823,SPLASH,FLOAT,"6,67 €","29,00 €",31/3/2026,250,500
FL-185,,OCEAN HUGS,FLOTADORES / HINCHABLES,PATRICIA,8435797602830,SHELLDON,FLOAT,"9,92 €","49,00 €",15/5/2026,250,500
FL-186,,OCEAN HUGS,FLOTADORES / HINCHABLES,PATRICIA,8435797602847,NEMI,FLOAT,"6,18 €","25,00 €",31/3/2026,250,500
FL-187,,OCEAN HUGS,FLOTADORES / HINCHABLES,PATRICIA,8435797602854,BLUF,FLOAT,"5,41 €","29,00 €",10/3/2026,250,500
FL-188,,OCEAN HUGS,FLOTADORES / HINCHABLES,PATRICIA,8435797602861,HANK,SPRINKLE,"7,90 €","35,00 €",15/5/2026,250,500
FL-189,,BERRY CREAMLAND,FLOTADORES / HINCHABLES,PATRICIA,8435797602878,TWISTY,DONUT,"2,33 €","15,00 €",10/3/2026,250,500
FL-190,,BERRY CREAMLAND,FLOTADORES / HINCHABLES,PATRICIA,8435797602885,GLAZE,DONUT,"2,33 €","15,00 €",10/3/2026,250,500
FL-191,,BERRY CREAMLAND,FLOTADORES / HINCHABLES,PATRICIA,8435797602892,LOVEY,HEART DONUT,"2,54 €","15,00 €",10/3/2026,250,500
FL-192,,BERRY CREAMLAND,FLOTADORES / HINCHABLES,PATRICIA,8435797602908,POOLIE,POOL,"22,07 €","99,00 €",15/5/2026,250,500
FL-193,,BERRY CREAMLAND,FLOTADORES / HINCHABLES,PATRICIA,8435797602915,SCOOP,FLOAT,"5,75 €","25,00 €",31/3/2026,250,500
FL-194,,BERRY CREAMLAND,FLOTADORES / HINCHABLES,PATRICIA,8435797602922,SLIPPY,SLIDE,"40,36 €","139,00 €",30/4/2026,250,250
FL-195,,BERRY CREAMLAND,FLOTADORES / HINCHABLES,PATRICIA,8435797602939,SUNDAE,FLOAT STORE,"121,49 €","349,00 €",15/5/2026,150,150
FL-197,,BERRY CREAMLAND,FLOTADORES / HINCHABLES,PATRICIA,8435797602953,HOOPY,FLOAT TOY,"7,21 €","35,00 €",30/4/2026,250,500
FL-199,,SPACE AGE,FLOTADORES / HINCHABLES,PATRICIA,8435797602977,ROCKY,DONUT,"2,33 €","15,00 €",10/3/2026,250,500
FL-200,,SPACE AGE,FLOTADORES / HINCHABLES,PATRICIA,8435797602984,RINGO,POOL,"22,07 €","89,00 €",15/5/2026,250,500
FL-201,,SPACE AGE,FLOTADORES / HINCHABLES,PATRICIA,8435797602991,ZOOMER,BALL,"3,12 €","15,00 €",10/3/2026,250,500
FL-202,,SPACE AGE,FLOTADORES / HINCHABLES,PATRICIA,8435797603004,NUNKI,FLOAT,"2,63 €","15,00 €",15/5/2026,250,500
FL-203,,SPACE AGE,FLOTADORES / HINCHABLES,PATRICIA,8435797603011,TITANIS,FLOAT,"9,31 €","39,00 €",31/3/2026,250,500
FL-204,,SPACE AGE,FLOTADORES / HINCHABLES,PATRICIA,8435797603028,NYXAR,GIANT FLOAT,"10,24 €","49,00 €",15/5/2026,250,500
FL-205,,SPACE AGE,FLOTADORES / HINCHABLES,PATRICIA,8435797603035,TURBO,SLIDE,"40,36 €","139,00 €",30/4/2026,250,500
FL-206,,SPACE AGE,FLOTADORES / HINCHABLES,PATRICIA,8435797603042,AURELIS,GIANT ROCKER,"25,23 €","99,00 €",30/3/2026,250,500
FL-207,,SPACE AGE,FLOTADORES / HINCHABLES,PATRICIA,8435797603059,ARIANE,SPRINKLE,"7,90 €","35,00 €",15/5/2026,250,500
FL-209,,SPACE AGE,FLOTADORES / HINCHABLES,PATRICIA,8435797603073,AXION,GIANT INFLATABLE,"231,68 €","649,00 €",15/5/2026,100,100
FL-210,,REPLAY,FLOTADORES / HINCHABLES,JUAN CARLOS,8435797603080,RALLY,VOLLEY SET,€10.30,,,,500
FL-211,,REPLAY,FLOTADORES / HINCHABLES,JUAN CARLOS,8435797603097,STADIUM,FOOTBALL SET,€6.98,,,,500
FL-212,,REPLAY,FLOTADORES / HINCHABLES,JUAN CARLOS,8435797603103,CAPTAIN,GIANT BALL,"3,12 €",,,,500
FL-213,,REPLAY,FLOTADORES / HINCHABLES,JUAN CARLOS,8435797603110,TEAM,FOOTBALL SET(1head),€4.73,,,,500
FL-214,,REPLAY,FLOTADORES / HINCHABLES,JUAN CARLOS,8435797603127,YEAH!,ANIMATION SET,4.35,,,,1.000
FL-215,,GOLDEN COAST,FLOTADORES / HINCHABLES,PATRICIA,8435797603134,LINA,BASIC DONUT,"2,47 €","19,00 €",10/3/2026,250,2.400
FL-216,,GOLDEN COAST,FLOTADORES / HINCHABLES,PATRICIA,8435797603141,LINA,BASIC DONUT,"2,47 €","19,00 €",10/3/2026,250,2.400
FL-217,,GOLDEN COAST,FLOTADORES / HINCHABLES,PATRICIA,8435797603158,ALBA,"MESH DONUT
(1,20M SIZE)","4,19 €","25,00 €",10/3/2026,250,1.500
FL-218,,GOLDEN COAST,FLOTADORES / HINCHABLES,PATRICIA,8435797603165,ALBA,"MESH DONUT
(1,20M SIZE)","4,19 €","25,00 €",10/3/2026,250,1.500
FL-219,,GOLDEN COAST,FLOTADORES / HINCHABLES,PATRICIA,8435797603172,NILO,MESH HAMMOCK,"2,29 €","15,00 €",10/3/2026,250,2.000
FL-220,,GOLDEN COAST,FLOTADORES / HINCHABLES,PATRICIA,8435797603189,NILO,MESH HAMMOCK,"2,29 €","15,00 €",10/3/2026,250,2.000
FL-221,,GOLDEN COAST,FLOTADORES / HINCHABLES,PATRICIA,8435797603196,SACHA,TANNING POOL WITH SPRINKLER,"11,19 €","55,00 €",10/3/2026,250,2.000
FL-222,,GOLDEN COAST,FLOTADORES / HINCHABLES,PATRICIA,8435797603202,SACHA,TANNING POOL WITH SPRINKLER,"11,19 €","55,00 €",10/3/2026,250,2.000
FL-266,,GOLDEN COAST,FLOTADORES / HINCHABLES,PATRICIA,8435797603646,OCEANA,POOL,"29,92 €","99,00 €",10/3/2026,250,250
FL-262,,HOLA OLA,FLOTADORES / HINCHABLES,PATRICIA,8435797603608,LULA,DONUT 90 CM,"2,15 €","17,00 €",10/3/2026,250,1.300
FL-263,,HOLA OLA,FLOTADORES / HINCHABLES,PATRICIA,8435797603615,LULA,DONUT 90 CM,"2,15 €","17,00 €",10/3/2026,250,1.300
FL-223,,HOLA OLA,FLOTADORES / HINCHABLES,PATRICIA,8435797603219,CELIA,BASIC DONUT,"2,47 €","19,00 €",10/3/2026,250,2.400
FL-224,,HOLA OLA,FLOTADORES / HINCHABLES,PATRICIA,8435797603226,CELIA,BASIC DONUT,"2,47 €","19,00 €",10/3/2026,250,2.400
FL-264,,HOLA OLA,FLOTADORES / HINCHABLES,PATRICIA,8435797603622,MAMBO,MESH DONUT 120CM,"4,19 €","25,00 €",10/3/2026,250,1.200
FL-265,,HOLA OLA,FLOTADORES / HINCHABLES,PATRICIA,8435797603639,MAMBO,MESH DONUT 120CM,"4,19 €","25,00 €",10/3/2026,250,1.200
FL-225,,HOLA OLA,FLOTADORES / HINCHABLES,PATRICIA,8435797603233,BOOGIE,MESH HAMMOCK,"2,29 €","15,00 €",10/3/2026,250,2.000
FL-226,,HOLA OLA,FLOTADORES / HINCHABLES,PATRICIA,8435797603240,BOOGIE,MESH HAMMOCK,"2,29 €","15,00 €",10/3/2026,250,2.000
FL-227,,HOLA OLA,FLOTADORES / HINCHABLES,PATRICIA,8435797603257,JULES,TANNING POOL INDIVIDUAL,"9,15 €","45,00 €",10/3/2026,250,3.000
FL-228,,HOLA OLA,FLOTADORES / HINCHABLES,PATRICIA,8435797603264,JULES,TANNING POOL INDIVIDUAL,"9,15 €","45,00 €",10/3/2026,250,3.000
FL-231,,HOLA OLA,FLOTADORES / HINCHABLES,PATRICIA,8435797603295,SWELLA,INFLATABLE HAMMOCK,"10,92 €","49,00 €",31/3/2026,250,1.500
FL-232,,HOLA OLA,FLOTADORES / HINCHABLES,PATRICIA,8435797603301,SWELLA,INFLATABLE HAMMOCK,"10,92 €","49,00 €",31/3/2026,250,1.500
FL-233,,HOLA OLA,FLOTADORES / HINCHABLES,PATRICIA,8435797603318,BELMONDO,MESH LOUNGE,"7,03 €","35,00 €",31/3/2026,250,500
FL-234,,HOLA OLA,FLOTADORES / HINCHABLES,PATRICIA,8435797603325,BELMONDO,MESH LOUNGE,"7,03 €","35,00 €",31/3/2026,250,500
FL-235,,HOLA OLA,FLOTADORES / HINCHABLES,PATRICIA,8435797603332,LOLA,DOUBLE MESH LOUNGE,"13,27 €","65,00 €",31/3/2026,250,500
FL-236,,HOLA OLA,FLOTADORES / HINCHABLES,PATRICIA,8435797603349,LOLA,DOUBLE MESH LOUNGE,"13,27 €","65,00 €",31/3/2026,250,500
FL-237,,HOLA OLA,FLOTADORES / HINCHABLES,PATRICIA,8435797603356,RIO,FLOAT,"2,81 €","15,00 €",10/3/2026,250,1.500
FL-238,,HOLA OLA,FLOTADORES / HINCHABLES,PATRICIA,8435797603363,RIO,FLOAT,"2,81 €","15,00 €",10/3/2026,250,1.500
FL-239,,HOLA OLA,FLOTADORES / HINCHABLES,PATRICIA,8435797603370,TANGO,SEAT FLOAT,"4,99 €","25,00 €",31/3/2026,250,500
FL-240,,HOLA OLA,FLOTADORES / HINCHABLES,PATRICIA,8435797603387,TANGO,SEAT FLOAT,"4,99 €","25,00 €",31/3/2026,250,500
FL-241,,HOLA OLA,FLOTADORES / HINCHABLES,PATRICIA,8435797603394,SAMBA,DOUBLE DONUT,"6,79 €","35,00 €",10/3/2026,250,1.000
FL-242,,HOLA OLA,FLOTADORES / HINCHABLES,PATRICIA,8435797603400,SAMBA,DOUBLE DONUT,"6,79 €","35,00 €",10/3/2026,250,1.000
FL-243,,HOLA OLA,FLOTADORES / HINCHABLES,PATRICIA,8435797603417,HULA,INFLATABLE BALL,"1,49 €","9,00 €",10/3/2026,250,500
FL-244,,HOLA OLA,FLOTADORES / HINCHABLES,PATRICIA,8435797603424,HULA,INFLATABLE BALL,"1,49 €","9,00 €",10/3/2026,250,500
FL-245,,HOLA OLA,FLOTADORES / HINCHABLES,PATRICIA,8435797603431,HOOP,GIANT INFLATABLE BALL,"3,12 €","15,00 €",10/3/2026,250,500
FL-246,,HOLA OLA,FLOTADORES / HINCHABLES,PATRICIA,8435797603448,HOOP,GIANT INFLATABLE BALL,"3,12 €","15,00 €",10/3/2026,250,500
FL-249,,PUERTO BANUS,FLOTADORES / HINCHABLES,PATRICIA,8435797603479,GLAM,PREMIUM DONUT,"8,36 €","49,00 €",31/3/2026,250,500
FL-250,,PUERTO BANUS,FLOTADORES / HINCHABLES,PATRICIA,8435797603486,AMARA,INFLATABLE SEAT,"5,01 €","25,00 €",10/3/2026,250,1.600
FL-251,,PUERTO BANUS,FLOTADORES / HINCHABLES,PATRICIA,8435797603493,AVA,PREMIUM FLOAT,"3,48 €","19,00 €",10/3/2026,250,1.000
FL-252,,PUERTO BANUS,FLOTADORES / HINCHABLES,PATRICIA,8435797603509,VICO,ROUND SEAT,"21,29 €","109,00 €",31/3/2026,250,1.000
FL-253,,PUERTO BANUS,FLOTADORES / HINCHABLES,PATRICIA,8435797603516,GUNTHER,GIANT SEAT,"23,61 €","119,00 €",15/5/2026,250,500
FL-254,,PUERTO BANUS,FLOTADORES / HINCHABLES,PATRICIA,8435797603523,YATCH,SINGLE CHAISE LONGUE,"16,31 €","89,00 €",10/3/2026,250,1.600
FL-255,,PUERTO BANUS,FLOTADORES / HINCHABLES,PATRICIA,8435797603530,CADAQUÉS,DOUBLE CHAISE LONGUE,"23,61 €","119,00 €",10/3/2026,250,1.000
FL-256,,PUERTO BANUS,FLOTADORES / HINCHABLES,PATRICIA,8435797603547,AZORES,PREMIUM MESH HAMMOCK,"4,50 €","25,00 €",10/3/2026,250,2.400
FL-257,,PUERTO BANUS,FLOTADORES / HINCHABLES,PATRICIA,8435797603554,NABILA,MATTRES,"31,98 €","139,00 €",30/5/2026,500,500
FL-258,,PUERTO BANUS,FLOTADORES / HINCHABLES,PATRICIA,8435797603561,VIVIAN,KIDS BED,"27,99 €","139,00 €",30/5/2026,1000,1.000
FL-259,,PUERTO BANUS,FLOTADORES / HINCHABLES,PATRICIA,8435797603578,MARLENE,INFLATABLE SCREEN,"61,79 €","199,00 €",30/5/2026,250,250
FL-260,,PUERTO BANUS,FLOTADORES / HINCHABLES,PATRICIA,8435799603585,SALDUBA,CABANA BAR,"10,59 €","49,00 €",10/3/2026,250,1.000
FL-261,,PUERTO BANUS,FLOTADORES / HINCHABLES,PATRICIA,8435797603592,STARLIGHT,MESH PADDLE ISLAND,"119,47 €","499,00 €",30/5/2026,100,100
TO-46,,BLOSSOM,TOALLAS,PATRICIA,8435797604223,ROSIE,MICROFIBER TOWEL,"4,02 €","16,00 €",20/3/2026,500,500
TO-47,,OCEAN HUGS,TOALLAS,PATRICIA,8435797604230,MARIN,MICROFIBER TOWEL,"4,02 €","16,00 €",20/3/2026,500,500
TO-48,,BERRY CREAMLAND,TOALLAS,PATRICIA,8435797604247,LOLLIE,MICROFIBER TOWEL,"4,05 €","16,00 €",20/3/2026,500,500
TO-49,,SPACE AGE,TOALLAS,PATRICIA,8435797604254,NOVA,MICROFIBER TOWEL,"4,05 €","16,00 €",20/3/2026,500,500
TO-50,,GOLDEN COAST,TOALLAS,PATRICIA,8435797604261,SAVANNAH,"MICROFIBER TOWEL
(CLÁSICA CON PIQUETAS)","4,39 €","19,00 €",20/3/2026,1.500,1.500
TO-51,,GOLDEN COAST,TOALLAS,PATRICIA,8435797604278,SAVANNAH,"MICROFIBER TOWEL
(CLÁSICA CON PIQUETAS)","4,39 €","19,00 €",20/3/2026,1.500,1.500
TO-52,,GOLDEN COAST,TOALLAS,PATRICIA,8435797605428,ISLA,MICROFIBER TOWEL,"3,60 €","15,00 €",20/3/2026,750,750
TO-53,,GOLDEN COAST,TOALLAS,PATRICIA,8435797605435,ISLA,MICROFIBER TOWEL,"3,60 €","15,00 €",20/3/2026,750,750
TO-54,,GOLDEN COAST,TOALLAS,PATRICIA,8435797605442,CABO,"MICROFIBER TOWEL
(CON IMANES)","5,38 €","25,00 €",20/3/2026,1.000,1.000
TO-55,,GOLDEN COAST,TOALLAS,PATRICIA,8435797605459,CABO,"MICROFIBER TOWEL
(CON IMANES)","5,38 €","25,00 €",20/3/2026,1.000,1.000
TO-56,,GOLDEN COAST,TOALLAS,PATRICIA,8435797604285,VERA,MICROFIBER PICNIC BLANKET,"6,44 €","29,00 €",20/3/2026,500,500
TO-57,,GOLDEN COAST,TOALLAS,PATRICIA,8435797604292,VERA,MICROFIBER PICNIC BLANKET,"6,44 €","29,00 €",20/3/2026,500,500
TO-59,,HOLA OLA,TOALLAS,PATRICIA,8435797604315,AURA,"MICROFIBER TOWEL
(WAFFLE CON IMANES)","6,18 €","25,00 €",20/3/2026,1.500,1.500
TO-60,,HOLA OLA,TOALLAS,PATRICIA,8435797604322,AURA,"MICROFIBER TOWEL
(WAFFLE CON IMANES)","6,18 €","25,00 €",20/3/2026,1.500,1.500
TO-61,,HOLA OLA,TOALLAS,PATRICIA,8435797604339,TROPIC,"MICROFIBER TOWEL
(CLÁSICA CON PIQUETAS)","4,39 €","19,00 €",20/3/2026,1.500,1.500
TO-62,,HOLA OLA,TOALLAS,PATRICIA,8435797604346,TROPIC,"MICROFIBER TOWEL
(CLÁSICA CON PIQUETAS)","4,39 €","19,00 €",20/3/2026,1.500,1.500
TO-63,,HOLA OLA,TOALLAS,PATRICIA,8435797604353,ROXY,MAT,"5,45 €","25,00 €",30/4/2025,750,750
TO-64,,HOLA OLA,TOALLAS,PATRICIA,8435797604360,ROXY,MAT,"5,45 €","25,00 €",30/4/2025,750,750
TO-65,,PUERTO BANUS,TOALLAS,PATRICIA,8435797604377,ZAHARA,COTTON TOWEL,"4,56 €","25,00 €",27/3/2026,1.300,1.300
PN-1,,BLOSSOM,PONCHOS,PATRICIA,8435797601048,LILA,PONCHO,"3,97 €","19,00 €",20/3/2026,750,750
PN-2,,OCEAN HUGS,PONCHOS,PATRICIA,8435797601055,NORI,PONCHO,"3,97 €","19,00 €",20/3/2026,750,750
PN-3,,BERRY CREAMLAND,PONCHOS,PATRICIA,8435797604575,CHERRY,PONCHO,"4,55 €","19,00 €",20/3/2026,750,750
PN-4,,SPACE AGE,PONCHOS,PATRICIA,8435797604582,ZAPPI,PONCHO,"4,55 €","19,00 €",20/3/2026,750,750
RE-1,,GOLDEN COAST,FOLDABLES,JUAN CARLOS,8435797602564,DUNE,FOLDABLE,"9,15 €","45,00 €",27/02/2026,850,5.500
RE-4,,GOLDEN COAST,FOLDABLES,JUAN CARLOS,8435797602571,DUNE,FOLDABLE,"9,15 €","45,00 €",27/02/2026,862,5.500
RE-5,,GOLDEN COAST,FOLDABLES,JUAN CARLOS,8435797602588,COLETTE,FOLDABLE,"7,33 €","39,00 €",27/02/2026,250,2.000
RE-8,,GOLDEN COAST,FOLDABLES,JUAN CARLOS,8435797602595,COLETTE,FOLDABLE,"7,33 €","39,00 €",27/02/2026,250,2.000
RE-9,,HOLA OLA,FOLDABLES,JUAN CARLOS,8435797602601,DEEDEE,FOLDABLE,"9,15 €","45,00 €",27/02/2026,856,3.000
RE-10,,HOLA OLA,FOLDABLES,JUAN CARLOS,8435797602618,DEEDEE,FOLDABLE,"9,15 €","45,00 €",27/02/2026,856,2.500
RE-18,,PUERTO BANUS,FOLDABLES,JUAN CARLOS,8435797602649,TULUM,FOLDABLE,"11,51 €","59,00 €",27/02/2026,752,3.500
RE-22,,PUERTO BANUS,FOLDABLES,JUAN CARLOS,8435797602663,CALYPSO,FOLDABLE,"25,89 €","129,00 €",27/02/2026,200,500
RE-20,,PUERTO BANUS,FOLDABLES,JUAN CARLOS,8435797602656,MADEIRA,WOOD FOLDABLE,"9,88 €","45,00 €",30/03/2026,250,250
RE-24,,PUERTO BANUS,FOLDABLES,JUAN CARLOS,8435797602670,ARGO,WOOD FOLDABLE,"23,49 €","99,00 €",30/03/2026,350,350
RE-25,,SIN COLECCIÓN,FOLDABLES,JUAN CARLOS,8435797602687,SANDY,PLASTIC FOLDABLE,"14,09 €","45,00 €",30/03/2026,250,250
UM-31,,GOLDEN COAST,SOMBRILLAS,JUAN CARLOS,8435797603653,PALOMA,COMPACT BASIC UMBRELLA,"8,07 €","49,00 €",30/03/2026,400,752
UM-32,,GOLDEN COAST,SOMBRILLAS,JUAN CARLOS,8435797603660,PALOMA,COMPACT BASIC UMBRELLA,"8,07 €","49,00 €",30/03/2026,400,752
UM-33,,GOLDEN COAST,SOMBRILLAS,JUAN CARLOS,8435797603677,NOA,UMBRELLA,"8,93 €","59,00 €",30/03/2026,504,1.500
UM-34,,GOLDEN COAST,SOMBRILLAS,JUAN CARLOS,8435797603684,NOA,UMBRELLA,"8,93 €","59,00 €",30/03/2026,504,1.500
UM-41,,HOLA OLA,SOMBRILLAS,JUAN CARLOS,8435797603752,GROOVIE,COMPACT PREMIUM UMBRELLA,"10,73 €","59,00 €",30/03/2026,504,1.000
UM-42,,HOLA OLA,SOMBRILLAS,JUAN CARLOS,8435797603769,GROOVIE,COMPACT PREMIUM UMBRELLA,"10,73 €","59,00 €",30/03/2026,504,1.000
UM-35,,GOLDEN COAST,SOMBRILLAS,JUAN CARLOS,8435797603691,SOLIS,PREMIUM COMPACT UMBRELLA,"11,47 €","79,00 €",30/03/2026,552,1.000
UM-36,,GOLDEN COAST,SOMBRILLAS,JUAN CARLOS,8435797603707,SOLIS,PREMIUM COMPACT UMBRELLA,"11,47 €","79,00 €",30/03/2026,552,1.000
UM-43,,PUERTO BANUS,SOMBRILLAS,JUAN CARLOS,8435797603776,LAZULI,PREMIUM UMBRELLA,"13,25 €","89,00 €",30/03/2026,400,1.000
UM-37,,GOLDEN COAST,SOMBRILLAS,JUAN CARLOS,8435797603714,SOLÉA,HAMMOCK UMBRELLA,"3,92 €","19,00 €",30/03/2026,516,1.000
UM-38,,GOLDEN COAST,SOMBRILLAS,JUAN CARLOS,8435797603721,SOLÉA,HAMMOCK UMBRELLA,"3,92 €","19,00 €",30/03/2026,516,1.000
UM-39,,GOLDEN COAST,SOMBRILLAS,JUAN CARLOS,8435797603738,BAYSIDE,CANOPY,€12.87,"39,00 €",30/03/2026,496,496
UM-40,,GOLDEN COAST,SOMBRILLAS,JUAN CARLOS,8435797603745,BAYSIDE,CANOPY,€12.87,"39,00 €",30/03/2026,496,496
BC-5,,GOLDEN COAST,SOMBRILLAS,JUAN CARLOS,8435797605640,SUNGOLD,CABANA,"17,14 €","89,00 €",30/03/2026,150,500
BC-6,,GOLDEN COAST,SOMBRILLAS,JUAN CARLOS,8435797605657,SUNGOLD,CABANA,"17,14 €","89,00 €",30/03/2026,150,500
HA-56,,BLOSSOM,SILLAS / HAMACAS,JUAN CARLOS,8435797603783,CLAIRE,HIGH CHAIR,"7,77 €","35,00 €",30/03/2026,200,504
HA-57,,OCEAN HUGS,SILLAS / HAMACAS,JUAN CARLOS,8435797603790,BLINKY,HIGH CHAIR,"7,77 €","35,00 €",30/03/2026,200,504
HA-58,,BERRY CREAMLAND,SILLAS / HAMACAS,JUAN CARLOS,8435797603806,FRAGOLA,KIDS CHAIR,"6,06 €","25,00 €",30/03/2026,250,748
HA-59,,SPACE AGE,SILLAS / HAMACAS,JUAN CARLOS,8435797603813,HUSTON,KIDS CHAIR,"6,06 €","25,00 €",30/03/2026,250,748
HA-62,,GOLDEN COAST,SILLAS / HAMACAS,JUAN CARLOS,8435797603844,JUNO,SMALL CHAIR,TO be confirmed,"45,00 €",30/03/2026,500,1.000
HA-63,,GOLDEN COAST,SILLAS / HAMACAS,JUAN CARLOS,8435797603851,JUNO,SMALL CHAIR,TO be confirmed,"45,00 €",30/03/2026,500,1.000
HA-60,,GOLDEN COAST,SILLAS / HAMACAS,JUAN CARLOS,8435797603820,CALEDONIA,BASIC CHAIR,"8,79 €","29,00 €",30/03/2026,400,1.800
HA-61,,GOLDEN COAST,SILLAS / HAMACAS,JUAN CARLOS,8435797603837,CALEDONIA,BASIC CHAIR,"8,79 €","29,00 €",30/03/2026,400,1.800
HA-64,,GOLDEN COAST,SILLAS / HAMACAS,JUAN CARLOS,8435797603868,MISTRAL,STANDARD CHAIR,"16,75 €","79,00 €",30/03/2026,1000,4.500
HA-65,,GOLDEN COAST,SILLAS / HAMACAS,JUAN CARLOS,8435797603875,MISTRAL,STANDARD CHAIR,"16,75 €","79,00 €",30/03/2026,1000,4.500
HA-68,,GOLDEN COAST,SILLAS / HAMACAS,JUAN CARLOS,8435797603905,LUZIA,STANDARD CHAIR,"17,37 €","79,00 €",30/03/2026,200,500
HA-69,,GOLDEN COAST,SILLAS / HAMACAS,JUAN CARLOS,8435797603912,LUZIA,STANDARD CHAIR,"17,37 €","79,00 €",30/03/2026,200,500
HA-66,,GOLDEN COAST,SILLAS / HAMACAS,JUAN CARLOS,8435797603882,LORELEI,BASIC BIG CHAIR,"21,23 €","89,00 €",30/03/2026,500,3.000
HA-67,,GOLDEN COAST,SILLAS / HAMACAS,JUAN CARLOS,8435797603899,LORELEI,BASIC BIG CHAIR,"21,23 €","89,00 €",30/03/2026,148,3.000
HA-70,,GOLDEN COAST,SILLAS / HAMACAS,JUAN CARLOS,8435797603929,INDIE,TANNING HAMMOCK,"20,15 €","99,00 €",30/03/2026,250,2.100
HA-71,,GOLDEN COAST,SILLAS / HAMACAS,JUAN CARLOS,8435797603936,INDIE,TANNING HAMMOCK,"20,15 €","99,00 €",30/03/2026,250,2.100
HA-72,,GOLDEN COAST,SILLAS / HAMACAS,JUAN CARLOS,8435797603943,FREYA,CARRY HAMMOCK,"16,20 €","75,00 €",30/03/2026,400,1.000
HA-73,,GOLDEN COAST,SILLAS / HAMACAS,JUAN CARLOS,8435797603950,FREYA,CARRY HAMMOCK,"16,20 €","75,00 €",30/03/2026,400,1.000
HA-74,,GOLDEN COAST,SILLAS / HAMACAS,JUAN CARLOS,8435797603967,TIVOLI,TANNING CHAISE LONGUE,"21,83 €","119,00 €",30/03/2026,500,3.000
HA-75,,GOLDEN COAST,SILLAS / HAMACAS,JUAN CARLOS,8435797603974,TIVOLI,TANNING CHAISE LONGUE,"21,83 €","119,00 €",30/03/2026,350,2.500
HA-76,,GOLDEN COAST,SILLAS / HAMACAS,JUAN CARLOS,8435797603981,NOMAD,CAMPING CHAIR,"7,82 €","35,00 €",30/03/2026,300,900
HA-77,,GOLDEN COAST,SILLAS / HAMACAS,JUAN CARLOS,8435797603998,NOMAD,CAMPING CHAIR,"7,82 €","35,00 €",30/03/2026,300,900
HA-78,,HOLA OLA,SILLAS / HAMACAS,JUAN CARLOS,8435797604001,BAMBINA,SMALL CHAIR,"8,70 €","45,00 €",30/03/2026,300,1.200
HA-79,,HOLA OLA,SILLAS / HAMACAS,JUAN CARLOS,8435797604018,BAMBINA,SMALL CHAIR,"8,70 €","45,00 €",30/03/2026,300,1.200
HA-80,,HOLA OLA,SILLAS / HAMACAS,JUAN CARLOS,8435797604025,ECHO,STANDARD CHAIR,"16,75 €","79,00 €",30/03/2026,550,2.000
HA-81,,HOLA OLA,SILLAS / HAMACAS,JUAN CARLOS,8435797604032,ECHO,STANDARD CHAIR,"16,75 €","79,00 €",30/03/2026,550,2.000
HA-82,,HOLA OLA,SILLAS / HAMACAS,JUAN CARLOS,8435797604049,OPAL,TANNING HAMMOCK,"20,15 €","99,00 €",30/03/2026,250,900
HA-83,,HOLA OLA,SILLAS / HAMACAS,JUAN CARLOS,8435797604056,OPAL,TANNING HAMMOCK,"20,15 €","99,00 €",30/03/2026,250,900
HA-85,,PUERTO BANUS,SILLAS / HAMACAS,JUAN CARLOS,8435797604070,PORTO,STANDARD PREMIUM CHAIR,"21,01 €","89,00 €",29/05/2026,500,1.000
HA-84,,PUERTO BANUS,SILLAS / HAMACAS,JUAN CARLOS,8435797604063,CANNES,TANNING HAMMOCK,"20,87 €","109,00 €",30/03/2026,500,3.150
HA-86,,PUERTO BANUS,SILLAS / HAMACAS,JUAN CARLOS,8435797604087,OLBIA,WOOD CHAIR,"15,24 €","69,00 €",30/03/2026,500,500
HA-88,,PUERTO BANUS,SILLAS / HAMACAS,JUAN CARLOS,8435797604100,NAOS,WOOD CHAISE LAONGUE,To Be Confirmed,,30/03/2026,,0
CH-4,,BLOSSOM,FLOTATION SOLUTIONS,PATRICIA,8435797605251,VALLEY,SWIM VEST,"6,30 €","29,00 €",1/4/2026,1.000,1.000
CH-5,,BLOSSOM,FLOTATION SOLUTIONS,PATRICIA,8435797605268,CLOVER,SWIM VEST,"6,70 €","29,00 €",1/4/2026,1.000,1.000
MG-1,,BLOSSOM,FLOTATION SOLUTIONS,PATRICIA,8435797605329,DAISY,SLEEVES,"4,83 €","22,00 €",1/4/2026,1.000,1.000
CH-6,,OCEAN HUGS,FLOTATION SOLUTIONS,PATRICIA,8435797605275,DOLPHIN,SWIM VEST,"6,30 €","29,00 €",1/4/2026,1.000,1.000
CH-7,,OCEAN HUGS,FLOTATION SOLUTIONS,PATRICIA,8435797605282,MARLON,SWIM VEST,"6,70 €","29,00 €",1/4/2026,1.000,1.000
MG-2,,OCEAN HUGS,FLOTATION SOLUTIONS,PATRICIA,8435797605336,PEACH,SLEEVES,"4,83 €","22,00 €",1/4/2026,1.000,1.000
CO-2,,OCEAN HUGS,FLOTATION SOLUTIONS,PATRICIA,8435797605374,FINNIE,FOAM SLEEVES,"6,64 €","32,00 €",30/04/2026,1.000,1.000
CH-8,,BERRY CREAMLAND,FLOTATION SOLUTIONS,PATRICIA,8435797605299,JULIETA,SWIM VEST,"6,30 €","29,00 €",1/4/2026,1.000,1.000
CH-9,,BERRY CREAMLAND,FLOTATION SOLUTIONS,PATRICIA,8435797605305,ADELLA,SWIM VEST,"6,70 €","29,00 €",1/4/2026,1.000,1.000
MG-3,,BERRY CREAMLAND,FLOTATION SOLUTIONS,PATRICIA,8435797605343,TWINNIE,SLEEVES,"4,83 €","22,00 €",1/4/2026,1.000,1.000
CH-10,,SPACE AGE,FLOTATION SOLUTIONS,PATRICIA,8435797605312,ORION,SWIM VEST,"6,70 €","29,00 €",1/4/2026,1.000,1.000
MG-4,,SPACE AGE,FLOTATION SOLUTIONS,PATRICIA,8435797605350,ALLY,SLEEVES,"4,83 €","22,00 €",1/4/2026,1.000,1.000
BG-29,,BLOSSOM,BAGS,PATRICIA,8435797604384,BEELMA,TOY BACKPACK,"2,56 €","15,00 €",1/4/2026,500,500
BG-32,,OCEAN HUGS,BAGS,PATRICIA,8435797604414,BUBBLE,TOY BACKPACK,"2,56 €","15,00 €",1/4/2026,500,500
BG-33,,BERRY CREAMLAND,BAGS,PATRICIA,8435797604421,PUFFI,TOY BACKPACK,"2,56 €","15,00 €",1/4/2026,500,500
BG-35,,SPACE AGE,BAGS,PATRICIA,8435797604445,MESSIER,TOY BACKPACK,"2,56 €","15,00 €",1/4/2026,500,500
BG-36,,GOLDEN COAST,BAGS,PATRICIA,8435797604452,DELMA,BIG BAG,"4,93 €","25,00 €",1/4/2026,1.000,1.000
BG-37,,GOLDEN COAST,BAGS,PATRICIA,8435797604469,DELMA,BIG BAG,"4,93 €","25,00 €",1/4/2026,1.000,1.000
BG-38,,GOLDEN COAST,BAGS,PATRICIA,8435797604476,JAZZ,COOLER BACKPACK,"9,07 €","45,00 €",1/4/2026,500,500
BG-39,,GOLDEN COAST,BAGS,PATRICIA,8435797604483,JAZZ,COOLER BACKPACK,"9,07 €","45,00 €",1/4/2026,500,500
BG-40,,GOLDEN COAST,BAGS,PATRICIA,8435797604490,GABANA,COOLER BAG,"4,84 €","25,00 €",1/4/2026,500,500
BG-41,,GOLDEN COAST,BAGS,PATRICIA,8435797604506,GABANA,COOLER BAG,"4,84 €","25,00 €",1/4/2026,500,500
BG-43,,GOLDEN COAST,BAGS,PATRICIA,8435797604520,FLIPPER,BABY BACKPACK,"9,53 €","45,00 €",01/05/2025,1.000,1.000
BG-44,,HOLA OLA,BAGS,PATRICIA,8435797604537,BRUNET,BAG,"4,93 €","25,00 €",1/4/2026,500,500
BG-45,,HOLA OLA,BAGS,PATRICIA,8435797604544,BRUNET,BAG,"4,93 €","25,00 €",1/4/2026,500,500
BG-46,,HOLA OLA,BAGS,PATRICIA,8435797604551,ANOUK,COOLER BAG,"5,29 €","25,00 €",1/4/2026,500,500
BG-47,,HOLA OLA,BAGS,PATRICIA,8435797604568,ANOUK,COOLER BAG,"5,29 €","25,00 €",1/4/2026,500,500
CR-5,,BERRY CREAMLAND,WAGONS,JUAN CARLOS,8435797604148,POP,KID WAGON,"19,41 €","89,00 €",30/03/2026,200,400
CR-4,,SPACE AGE,WAGONS,JUAN CARLOS,8435797604131,REX,KID WAGON,"14,18 €","75,00 €",30/03/2026,200,400
CR-6,,GOLDEN COAST,WAGONS,JUAN CARLOS,8435797604155,THEO,WAGON,"19,84 €","99,00 €",30/03/2026,150,350
CR-9,,GOLDEN COAST,WAGONS,JUAN CARLOS,8435797604162,THEO,WAGON,"19,84 €","99,00 €",30/03/2026,150,450
CR-11,,SIN COLECCIÓN,WAGONS,JUAN CARLOS,8435797604179,CHESTER,SEAT WAGON,"30,35 €","149,00 €",30/03/2026,,250
CJ-1,,GOLDEN COAST,PILLOWS,PATRICIA,8435797604742,CAMILLE,ROUND PILLOW,"2,01 €","9,00 €",1/4/2026,504,504
CJ-2,,GOLDEN COAST,PILLOWS,PATRICIA,8435797604759,CAMILLE,ROUND PILLOW,"2,01 €","9,00 €",1/4/2026,504,504
CJ-3,,HOLA OLA,PILLOWS,PATRICIA,8435797604766,BRISDA,ROUND PILLOW,"2,01 €","9,00 €",1/4/2026,504,504
CJ-4,,HOLA OLA,PILLOWS,PATRICIA,8435797604773,BRISDA,ROUND PILLOW,"2,01 €","9,00 €",1/4/2026,504,504
NV-1,,GOLDEN COAST,COOLERS,JUAN CARLOS,8437023888018,ÉLITE,28L COOLER,,,30/03/2026,,2.500
NV-2,,GOLDEN COAST,COOLERS,JUAN CARLOS,8437023888025,ÉLITE,28L COOLER,,,30/03/2026,,2.500
BT-13,,BLOSSOM,TENTS,JUAN CARLOS,8435797604186,FLORY,BEACH TENT,"6,39 €","35,00 €",30/03/2026,200,600
BT-14,,OCEAN HUGS,TENTS,JUAN CARLOS,8435797604193,SHELLY,BEACH TENT,"6,39 €","35,00 €",30/03/2026,200,600
BT-15,,BERRY CREAMLAND,TENTS,JUAN CARLOS,8435797604209,HELLEN,BEACH TENT,"9,97 €","49,00 €",30/03/2026,200,400
BT-16,,SPACE AGE,TENTS,JUAN CARLOS,8435797604216,GALAXY,BEACH TENT,"7,85 €","49,00 €",30/03/2026,200,400
GF-1,,BLOSSOM,SUNGLASSSES,JUAN CARLOS,8435797604599,SUNNY,SUNGLASSES,"4,00 €","19,00 €",29/05/2026,1000,1.000
GF-3,,SPACE AGE,SUNGLASSSES,JUAN CARLOS,8435797604612,GLINTY,SUNGLASSES,"4,00 €","19,00 €",29/05/2026,1000,1.000
GF-4,,BERRY CREAMLAND,SUNGLASSSES,JUAN CARLOS,8435797604629,SWEETHEART,SUNGLASSES,"4,00 €","19,00 €",29/05/2026,1000,1.000
GF-6,,BLOSSOM,DIVING,PATRICIA,8435797604643,MARGOT,DIVING GLASSES,"2,39 €","15,00 €",1/4/2026,1.000,1.000
GF-7,,OCEAN HUGS,DIVING,PATRICIA,8435797604650,NEPTUNE,DIVING GLASSES,"2,39 €","15,00 €",1/4/2026,1.000,1.000
GF-8,,BERRY CREAMLAND,DIVING,PATRICIA,8435797604667,FREDA,DIVING GLASSES,"2,39 €","15,00 €",1/4/2026,1.000,1.000
GF-9,,SPACE AGE,DIVING,PATRICIA,8435797604681,DUQUE,DIVING GLASSES,"2,39 €","15,00 €",1/4/2026,1.000,1.000
J-25,,BLOSSOM,FOAM TOYS,PATRICIA,8435797605152,FLORA,FOAM TOY,"5,84 €","29,00 €",30/03/2026,500,500
J-26,,BLOSSOM,FOAM TOYS,PATRICIA,8435797605169,ROSE,FOAM BOARD,"3,14 €","15,00 €",30/03/2026,500,500
J-27,,OCEAN HUGS,FOAM TOYS,PATRICIA,8435797605176,SALTY,FOAM TOY,"5,84 €","29,00 €",30/03/2026,500,500
J-28,,OCEAN HUGS,FOAM TOYS,PATRICIA,8435797605183,NAUTY,FOAM BOARD,"3,14 €","15,00 €",30/03/2026,500,500
J-29,,BERRY CREAMLAND,FOAM TOYS,PATRICIA,8435797605190,MATILDA,FOAM TOY,"5,84 €","29,00 €",30/03/2026,500,500
J-30,,BERRY CREAMLAND,FOAM TOYS,PATRICIA,8435797605206,LAVENDER,FOAM BOARD,"3,14 €","15,00 €",30/03/2026,500,500
J-31,,BERRY CREAMLAND,FOAM TOYS,PATRICIA,8435797605213,ODETTE,WATER ROCKER,"12,65 €","59,00 €",30/03/2026,500,500
J-32,,SPACE AGE,FOAM TOYS,PATRICIA,8435797605220,ECLIPSE,FOAM TOY,"5,84 €","29,00 €",30/03/2026,500,500
J-33,,SPACE AGE,FOAM TOYS,PATRICIA,8435797605237,LIGHTYEAR,FOAM BOARD,"3,14 €","15,00 €",30/03/2026,500,500
J-34,,SPACE AGE,FOAM TOYS,PATRICIA,8435797605244,PEGASUS,WATER ROCKER,"12,65 €","59,00 €",30/03/2026,500,500
PJ-1,,BLOSSOM,TOYS,PATRICIA,8435797604889,DOTTIE,TOYS SET,"5,05 €","25,00 €",20/03/2026,1.000,1.000
PJ-2,,OCEAN HUGS,TOYS,PATRICIA,8435797604896,CRABBY,TOYS SET,"5,05 €","25,00 €",20/03/2026,1.000,1.000
PJ-4,,BERRY CREAMLAND,TOYS,PATRICIA,8435797604933,TUTTI,POOL TOYS SET,"2,86 €","15,00 €",30/04/2026,1.000,1.000
PJ-6,,SPACE AGE,TOYS,PATRICIA,8435797605008,COSMO,POOL TOYS SET,"2,86 €","15,00 €",30/04/2026,1.000,1.000
J-20,,GOLDEN COAST,TOYS,JUAN CARLOS,8435797605107,ESMASH,BEACH SHOVELS,"4,37 €","25,00 €",29/05/2026,200,200
J-21,,GOLDEN COAST,TOYS,JUAN CARLOS,8435797605114,ESMASH,BEACH SHOVELS,"4,37 €","25,00 €",29/05/2026,200,200
J-24,,SIN COLECCIÓN,TOYS,PATRICIA,8435797605145,KUMBA,FOAM PARCHÍS,"18,27 €","69,00 €",30/03/2026,500,500
GO-1,,BLOSSOM,HATS,PATRICIA,8435797604841,PEONY,HAT,"4,52 €","19,00 €",30/04/2026,500,500
GO-2,,OCEAN HUGS,HATS,PATRICIA,8435797604858,CAPPY,HAT,"4,52 €","19,00 €",30/04/2026,500,500
GO-3,,BERRY CREAMLAND,HATS,PATRICIA,8435797604865,JELLY,HAT,"4,52 €","19,00 €",30/04/2026,500,500
-,,SIN COLECCIÓN,ACCESSORIES,JUAN CARLOS,,NEXO,TABLE,€7.00,"35,00 €",30/03/2026,300,300
-,,SIN COLECCIÓN,ACCESSORIES,JUAN CARLOS,,,WAGON TABLE,"4,41 €","25,00 €",30/03/2026,100,100
CP-06,,SIN COLECCIÓN,ACCESSORIES,JUAN CARLOS,,TERRA,UMBRELLA BASE,€32.21,"119,00 €",,200,200
"CP-01
-
CP-02",,SIN COLECCIÓN,ACCESSORIES,JUAN CARLOS,,LOCKI,UMBRELLA HANGER,,,30/03/2026,2000,2.000
CP-08,,GOLDEN COAST,ACCESSORIES,JUAN CARLOS,,BRIZ,FAN,€1.41,"7,99 €",29/05/2026,1000,1.000
CP-09,,GOLDEN COAST,ACCESSORIES,JUAN CARLOS,,BRIZ,FAN,€1.41,"7,99 €",29/05/2026,1000,1.000
VT-41,,BLOSSOM,TUMBLERS,PATRICIA,8435797605466,CAMILA,BABY TUMBLER,"3,79 €","19,00 €",30/03/2026,300,1.000
VT-42,,OCEAN HUGS,TUMBLERS,PATRICIA,8435797605473,OSSI,BABY TUMBLER,"3,79 €","19,00 €",30/03/2026,300,1.000
VT-43,,BERRY CREAMLAND,TUMBLERS,PATRICIA,8435797604780,LULU,BABY TUMBLER,"3,79 €","19,00 €",30/03/2026,300,1.000
VT-44,,SPACE AGE,TUMBLERS,PATRICIA,8435797604797,TWINKLE,BABY TUMBLER,"3,79 €","19,00 €",30/03/2026,300,1.000
VT-45,,GOLDEN COAST,TUMBLERS,PATRICIA,8435797604803,ONA,BOTTLE,"4,74 €","25,00 €",30/03/2026,300,1.000
VT-46,,GOLDEN COAST,TUMBLERS,PATRICIA,8435797604810,ONA,BOTTLE,"4,74 €","25,00 €",30/03/2026,300,1.000
VT-47,,HOLA OLA,TUMBLERS,PATRICIA,8435797604827,TALIA,BOTTLE,"4,74 €","25,00 €",30/03/2026,300,1.000
VT-48,,HOLA OLA,TUMBLERS,PATRICIA,8435797604834,TALIA,BOTTLE,"4,74 €","25,00 €",30/03/2026,300,1.000
,,J-15,,,,,,,,,,
,,J-16,,,,,,,,,,
,,J-17,?,,,,,,,,,
,,J-18,,,,,,,,,,
,,J-19,,,,,,,,,,